student_id,content,wording
d9d7a1af3e6e,-0.5003057,-0.70349133
37a8cc041558,0.6160532,-0.06723366
cb117226da1e,-0.7428252,-1.1561624
63ac093b7b99,2.4737267,1.6561596
ae0814add60d,-0.5781031,-0.52471447
a19f65747ec5,-0.81804603,-1.1277642
6047d9d580b1,0.026531558,-0.9823084
47b81ecc5d65,1.4782542,0.30892247
210766fbcbf3,-0.9155433,-0.28327572
88056d95c428,0.42669788,0.33903962
46017e87c88b,-0.7495252,-0.087897316
906d20490bb8,0.12680666,-0.6688225
fb8d94582629,0.17113374,0.25427914
aa01af1c78b8,0.017545164,0.13563535
6698bf77a0e9,0.14736187,0.24809968
b20bf9c5671d,-0.7808384,0.18188518
d26237291014,-0.62422466,-1.0456767
124984bc9ba8,-0.53263897,-0.52924
780f1ecf4ae8,-0.3227684,0.28351665
543097d4a35d,-0.46138027,-0.2517861
9e73d4a64475,1.0144001,0.7369788
15189cb0303b,1.9293331,1.9784794
b6b823947818,-1.219504,-1.4867102
1fa7b128af81,-0.5488529,-0.47369665
dd7c16bad448,-0.1492685,0.013688926
1de152815381,-0.033564877,0.24690855
c5d4b7096487,0.09624313,-0.004656056
a142d6e346ea,-1.0424949,-1.1483535
b1778b16edc6,1.3881439,-0.24877813
81a62c743105,0.15383452,0.6202513
7804ac36a3ec,-0.4528862,-1.0608191
93b64144eb8b,-0.737828,-0.36913905
512039a12e05,0.32834843,0.38720092
af2f5478132a,2.3466294,2.2771857
30672998d787,-0.82142437,-0.2714551
3c4762895802,1.6702542,0.46900645
9a2a62d245a7,-1.2155064,-1.4423891
9483845e5943,-0.6406428,-0.9872995
4ab0fcce0299,-0.5391069,-0.006087858
a0755f667135,-0.09810047,-0.26976252
e804f90a0102,-1.2377424,-1.2263601
48d15ade08ca,1.9157652,1.4225152
f77ae6b3b08b,0.108736604,-0.23918831
64e3ccc0b949,-0.6994169,-1.1431454
b54c50c55eae,1.062757,0.5947938
29193f64af2d,-0.81233263,-1.3774904
146a9698aac0,0.29949823,-0.32050127
2800db1e3ca8,-1.587381,-1.29914
4dd525967fe9,-0.024490114,-0.57206345
ed36bbc0a29b,-0.0048503466,-0.4148344
8c023a3ef9dc,-0.43890297,0.22484699
fd79b89a56c4,0.02502511,0.051441982
a26b132341f3,-1.3254857,-1.1864159
9ecc3600af3f,2.658997,2.6549408
74bae95602c6,1.2058665,0.5108396
6feef3fafafd,1.4141356,1.0618601
ea1d053f74f7,-0.6846808,0.12289918
369a0b2f09cf,-0.49262583,-1.1163957
649f880f16d3,-0.6771773,-0.9892029
ed7195ec6526,2.3461833,2.7858472
bbd0a2261997,-0.12336981,-0.27626768
3471081639d3,-1.2182032,-1.180603
709d8140514f,0.5659706,0.052697428
a6a3f3989df9,0.3324903,0.066814065
09bacce5f5f8,2.223522,0.5357007
17f84a089fa6,1.341845,0.53148663
670121fcfe2c,-0.4417599,-0.76179653
6306ab33dfdf,0.38732925,-0.4919936
f0c00231e3a4,-1.1468827,-1.2623035
f18ac11effa4,2.0790417,0.12571281
76386f43f28a,-0.72596055,0.14428961
a112463ff7c1,2.2619343,1.0832206
629c9fd843cc,0.4064816,0.5343236
e38c067e54ec,0.5805717,0.4681818
996327a5d376,0.7338173,0.2772686
87af27940f4a,-0.3715763,-1.0258766
14f651fe5583,-0.31806472,-0.40689462
71e6ee6247e6,1.3184996,0.027962066
b610beda23fd,-0.22495161,-1.2999452
f8051a40d210,0.93960327,1.6209866
19fddf5e3066,-1.346761,-1.0701283
0d4540fde41e,0.22415951,0.2640053
89ab610398c8,1.1546259,0.07710638
35d42fe578a4,-1.0132818,-0.64165586
7778ed3f3736,0.17722985,0.96922183
ac526e901776,-0.4781386,-0.1460923
ba2f9cf9598f,1.5796087,-0.08065745
669fe986ca83,0.32866812,-0.31447834
b33f9c6a3bde,0.6265255,0.5096466
76a6973cb41c,1.7664765,1.1647356
463c165a0b89,-0.7002248,-0.8497837
7bdf79061cf5,-1.527914,-1.3505999
f97545c9849a,-0.88876575,-0.76592904
bdbf3f4c0ca1,-0.05167902,0.10104526
43381fb1790e,-0.82651633,-1.5132715
d5841f58a9a2,2.6613176,2.569476
338540fbcbb8,-0.92277,-1.4547006
15aeb42cac31,1.5268961,1.3768303
1f3b46b39c08,-0.7727021,-0.95976067
6ba4551fa5d7,-0.8454462,-1.0166067
de2cddde3b92,-0.11581655,0.023953147
f5595bf1ab36,1.2603734,1.0627046
08b07c13c824,0.9511433,0.20051926
d0976c09f5d6,-1.4962697,-1.387844
82a357fd23a6,-1.0996978,-0.7487352
eddff470c975,1.4080548,2.3960333
73aa4967df87,-0.58082455,-0.6950493
46bdbaace78f,2.4742696,2.3136988
d6095ee8c389,-0.4857308,0.040797673
937c08d999d7,-0.95843714,-1.3104069
8b176b9c39f5,-0.9289448,-1.4281248
f70dee1b8334,-0.6774769,-0.6998964
f7d173be520f,1.0943756,-0.0185466
e9ba9d2b1429,-1.5241258,-1.2855252
daeeb3abf1f5,1.7555138,0.8358195
020d6a067196,-0.22570267,-0.9950905
f9da41e0d139,1.0004481,0.91682297
532ec4613a96,0.35755417,-0.13197634
740082b6af1e,0.08987939,-0.37377244
e229186e2daa,-1.1218324,-0.75011575
5356f6d5975f,-0.29114705,0.358303
774e7ec1b22a,-0.26767173,-0.20425552
ec6e7757f057,1.1270236,0.79658365
0b2fb16f5f9a,0.6050178,0.36483955
a9ba7154832d,-0.84116846,-1.0463037
8a31b8cc1996,-0.010032456,0.005996801
9ca236a207ca,0.49352214,0.5709536
5b9fc0612756,-0.33551797,0.14324602
a4e7d2413d20,-0.20930776,0.13657957
a1da19e02ee9,1.2272762,0.58856434
2b3c70afd3a0,0.17190307,-0.99587756
f4125f088af2,0.05613816,0.3024663
575c0d5d0f90,-0.5661067,-1.219848
719c85bc1b5a,-0.56889826,0.265758
ae0b5a5cd373,0.089464515,0.26541862
7d9832115833,2.2369177,0.80222654
462515ca2830,-0.5135907,0.32404837
dc1078c5ca32,-1.2844642,-1.1391965
6a87ae738cfc,0.19912241,-0.83911717
9c6f2eda4558,1.30328,0.4839108
0e9119eb5376,2.6505575,2.2921374
f80fdb12065e,2.0981169,1.2353852
0d3d5a490eab,-1.1536044,-1.2401284
2e26e9e0f0ba,-0.35754326,-0.40458632
4d535bbcf043,-0.29598013,0.021369014
68135bac8210,-0.6133476,-0.9081191
c472eb708036,-0.06702829,-0.5404315
5dec36fbce8a,0.6202067,0.66397154
618dca985a6a,0.044890326,-0.060415894
e4d758c76b95,2.166418,2.0289583
cbbf5c88fb87,-0.5527955,-0.23829973
f5cb5b6f12f0,-1.2386054,-1.0853134
8ea1941c2dbd,-1.4236127,-1.3492994
57de55b62570,1.0941845,1.6794122
68bfbc7ad60d,-0.012314003,0.25829327
b561ab6ee8db,-0.9046089,-1.2913232
f06668e3066c,-0.19233353,-0.5910528
ff7c7e70df07,0.12037626,0.0011777505
b66b03807caa,-0.070648365,-0.059268266
3819dcc3222a,-0.93523574,0.04245083
838713e58706,0.6235888,0.033697166
37cf66e725b2,0.013010047,0.11292165
27024d4ef223,0.063816905,-0.5364439
44f874610a41,-1.3567709,-1.223447
b66842062632,-0.83214825,-1.0930058
7a2d801c4f0a,0.11451268,0.88557065
aefc5c27b350,0.6740072,1.3925934
cdb549d69a77,-0.18240716,0.46796036
6763a922db08,0.238615,-0.06296819
09ff586c0c65,1.4606651,-0.029359825
423d5efe10c8,2.1854365,2.75854
6593aa7509ee,-0.2114003,-0.29081234
e6b155ac9766,-1.37492,-1.4154564
f806d9dd7ac7,-0.15448995,0.6418273
f75d933514e6,0.9751423,0.54843765
99d3471c5e85,0.3918107,0.98100185
f41c0397223f,-0.9569809,-0.16658291
099c4cd99712,0.100382015,0.5858933
6f5ed05ab3b9,0.7062934,0.64309096
13046e486796,-0.89251155,-0.51806825
77ab1337d3af,1.69356,-0.021233408
64213c9074df,0.4873809,1.0954254
acb14bec19cf,1.2295954,0.14287066
c028243a852d,2.7069576,2.926702
307ce62fa763,-1.1100335,-1.2904546
8b9c67216999,-0.8565041,-1.3244588
f3b56069f95b,-1.3201777,-1.3873749
bddd1e05f7e8,-0.8596843,-1.1974317
f908d94d764b,0.004576903,-0.5331368
036c279944c8,-0.10264163,0.29198393
8a413c9f3f9e,0.66009414,0.18347323
78e89a69fac7,-0.34237647,0.21547437
09ca1d3f0ec5,0.6529605,0.81243825
9d5a32220004,1.271958,2.253965
4f9100e5b696,-0.96528035,-1.4300628
1918ff7190c6,1.0902038,0.8434253
6e267e83881f,-0.43516037,0.27617884
e7604211ac99,-1.1959703,-0.9003866
a3ffb37b488d,0.4944469,0.6575125
ea5775dfc4e3,1.5679209,1.6130008
d437d6d04145,-0.67943937,-0.40859362
02e3b45a7f8b,-1.0691243,-0.10853868
9e86c7306fff,-1.1007437,-0.52192855
5124ec0fd172,0.7906597,0.18229526
bb680e30c94d,1.3614835,0.83830416
94bbc46a5182,0.31487864,0.5555468
31bb860d218c,-0.2505516,0.35879353
f5e9bf38efb7,0.11194238,0.6365505
40eb2d468db2,1.0314707,0.5348813
3fdcb9d1354c,0.3575722,-0.14874494
aafe7ebb750a,-0.40046206,-0.17361006
bd74c0899079,-1.2883761,-1.3052397
6cb46e75e44d,2.3101692,0.28568178
225c69fd345e,0.69055414,0.95379704
dd5ac554b859,1.9132391,2.3148272
d8311bab3018,-0.75200915,-0.3140853
4d48275b649f,2.0269701,0.8767842
7d00ceb28ddb,-0.14757824,0.34024236
2c89cca5818a,0.27959588,0.5251927
7a735aad718b,-0.5413864,-0.17332786
68503405ad23,-0.10693118,0.3301956
1766ec1c2d08,-0.37629494,0.0010242853
debe641b4247,0.031195518,0.055167697
f3dcb50689fe,-1.1268984,-0.43388855
457e1c9f5a6d,0.43883714,0.7474586
38a5a87c207e,0.14773712,0.45617846
102c9b9dad7c,2.6746454,2.5342965
833c687a4880,2.4929326,2.395893
a1d1eb337d1d,1.4267327,1.7879062
0eb556c3a2c3,-1.1860112,-1.0269719
41986c4295bd,-1.1585716,-1.4162208
df4c31e7a5ad,-0.52979857,0.1892493
2477cdf9e240,0.7934642,0.45781353
820f52365906,-0.91764957,-1.1609532
b4ed413ef655,-0.9084447,0.07751446
71672b1a9a7d,-0.7207253,0.029726554
ea88d1d2315b,-1.090581,-1.24152
188c14089bfa,-0.17437264,0.57234144
4cbd393253c8,-0.3705806,-0.108841434
0553b17deaf0,-0.19361354,0.53553915
2f4eb2f4e497,-0.33956185,-0.3325113
d4ded079203e,-0.6491874,0.22310871
2adf41c16549,-0.035038855,0.21990842
cf2a0eba5cbb,-0.52227825,-0.63097394
36213e7e8f9d,0.7506153,1.0917771
fdd5cbe849f4,-1.0673548,-1.2723364
3dd0bed74be0,-0.16307053,0.33306566
ce138805df74,-0.62152743,0.06708034
d7a87e9f0488,0.2661622,0.05189506
cdf698ccd65d,-0.31184733,-0.31006107
c2b915aa9f97,-1.4551727,-1.3966833
848533077ccc,-0.16952847,0.16599178
6a71d8283c1a,0.041698564,-0.44637758
75bb51397065,-1.2838653,-1.424678
9526ef302563,-1.1705575,-1.5652987
21726ccafe18,-0.19273444,0.034462467
1aa965e47bcf,2.0707393,0.18262273
a4ec3c3f2ff2,2.0166557,2.459644
e9c7bb18ea70,-0.15614706,-0.11794753
89e98185de73,0.6709928,0.42512792
0f548d6fc5ae,0.15818983,-0.014689812
b9e54cce49eb,-1.087295,-1.265278
180c06cd5eb3,-1.3366789,-1.445316
f2a51066b7d7,1.6311276,0.1370214
ec2e51a2d775,2.2596927,1.2635453
d720eb53c270,0.5910223,-0.23203912
686fb2159853,-0.16998437,0.5247427
18fef5ffa2d2,-0.95504355,-1.2499281
96c56bfa49f8,-0.45767072,-1.3217951
7f0b9e5dd189,-0.99264646,-1.5165288
ea47de8799e7,2.389645,2.9333646
fb9e4670de1b,-0.11096895,-0.34849256
9e13cb79ef9d,-1.3758965,-1.3470565
a23937379a2e,0.9301992,0.56258225
31d14af8e7e8,-0.8522428,-1.3734543
af6d243e88f1,0.26503763,0.5369194
94f9e62786f3,0.2104486,0.21378112
3271438e6fc4,1.1810502,1.4400568
3523c0ba3c12,-0.48562998,-0.21333405
c32175412e63,-1.0170884,-1.3717847
be0bb4a2cec0,0.12432814,0.30152425
9f3062efe786,-0.8369501,-0.22686765
ae710bfa77c2,-0.4108394,0.41556892
a2201a23a11b,0.7576008,0.6095083
23b85263c954,0.12516713,0.41062135
1e0a0f862128,-0.2607401,0.12695482
f97fc63ac1e3,0.67543393,0.15869781
0e1ab81b09c5,1.0654002,0.5583843
087f032e61aa,1.9283024,2.3424175
73af4699eb21,-0.37226853,-0.27385768
3a09eb21c569,0.26715723,0.27358213
78f2239e5ceb,0.19741839,-0.18474066
329c59918ac2,0.7543295,0.492342
f0ba031d183a,0.00022415817,-0.3502976
94ccb1f65afd,-0.4855229,-0.59015256
a1aa5d5da3f6,0.37122887,0.36937463
54149c2af2c6,-0.066004306,0.47007543
fd521b9e29fc,0.72428966,1.521801
261dd741834c,-1.0381818,-1.3047093
7e72b034ce1a,1.561768,0.92209303
e969c78b6e71,-0.82225466,-1.0780529
5570e6a4c10c,2.4284866,1.6607238
e92e89e68e75,-1.5825295,-1.3404657
dd9d60a524e3,1.3335019,0.8817663
7b0e706f3e63,-0.3522321,-0.68326783
b40ac2744b4b,-0.93078935,-1.495597
85dd34865682,-0.1412448,-0.08273731
bc62e6b0b46c,0.7198294,0.6272956
203f5975da0a,-1.38377,-1.4048262
121afaae1578,0.0014628172,0.28886944
1e8a288b3a64,2.168689,1.6852555
04f254a57c9b,0.76643175,1.51754
c04cf25b79ef,-1.1927427,-1.3688474
f75457f51aaa,0.6395886,0.8305838
092475482db1,-0.5642516,0.35125118
aa7ff031bc07,2.0589113,2.032068
cfde1cc32117,-0.56171364,-0.50967085
b476ca842ebc,0.30813995,0.30439305
ebe98401396b,1.6236355,0.93269515
e002e06d1bff,-0.28882656,-1.554678
23805596af0e,-0.48736882,-1.1976652
0cecb223c280,1.5817118,0.6658182
90ea48362630,-0.689486,0.22110951
83cb7c72efe8,-0.714468,-1.6128979
4774c08f6646,-1.0583792,-0.8666173
b13f29241b78,-0.4292138,-0.8336494
3af9312f9135,-0.5965217,-0.61503184
624b8237e13d,-0.42585096,0.08564574
cd909bdee8b2,-0.8354362,-0.52376956
063fbd0c9ef9,-0.03940517,-0.67374593
ee3ac9833ec4,-0.029267345,0.17454922
b758625431d4,-1.0185447,-1.46814
45dcfddc547e,0.47194025,0.7608737
f33ccd5e81a6,1.5647514,2.329508
2b940ac05627,-0.15352818,-0.92772526
9b11380f0045,-0.5576441,-0.7007543
b860752250cc,0.75028753,0.8354986
844452b1b9e9,0.7179826,1.1087022
bdcbeee867aa,-0.7785177,-0.8235926
46b7d43136f8,-1.3045702,-1.1689116
89f35e0f94d5,0.18998048,-0.08498884
961c437ed7ba,-0.053712163,0.0865174
f7ccfda36416,-0.10106023,0.69914216
ce40dd3cfff0,-0.49804628,-1.1783864
a21e5450a12a,-0.91156214,-0.96211314
4f141c7e979e,-0.03598631,-0.23917183
27866c580ab1,-1.0354487,-1.3302256
4c046b07aefa,-0.24983454,0.11302834
9acd09053205,1.9580086,-0.18301138
da06b0cf304e,-1.2332665,-1.286501
8af9993589cd,0.09507494,-0.23202792
bcb0cf69cbfb,0.18889774,-0.25550643
809230548742,0.7778998,0.47999382
618378492bdd,-0.5640049,-1.0826863
f2f9118fc29f,-0.17873926,-0.28597665
2f469732772e,1.2077377,0.79611343
5d2f95a4f86e,-1.0368981,-0.82551295
b1c0e66eb16f,-0.9222311,-1.3449914
c9841cc7840a,0.009820748,-0.6904143
7dcfe593dcec,0.7670128,0.2367126
a9fd601cd4da,-0.16880777,0.06240087
7c810fa55136,0.6200129,0.6027501
6f617131fb0e,0.2502326,0.4631327
f34929cf05b7,0.16443253,0.10630768
6f2204bc2a09,0.9989223,1.9632409
00c20c6ddd23,0.5608622,0.83837646
33be869e1cca,-1.4784837,-1.2783467
90e1c21e92f1,-0.22699986,-0.43372193
24486df7de37,-1.1537397,-1.630047
83e3a185c738,-1.4354246,-1.3794749
37afc7c3a2ab,-1.0964007,-0.98488706
03a1a8864b4b,-1.2245551,-0.96837616
1396e6859c3a,0.66311544,0.15378633
ec6a1f820b1f,1.3612806,0.80978
a904916bb7db,-1.1410916,-0.96109
29c24abaabad,-0.83408904,-1.2644703
1e7e564e3b9b,-1.1234738,-1.5748931
45f472744c66,0.07501207,0.44128722
8b1dd49132fd,-0.6835771,0.19072649
ba5b31f241f9,0.8937165,0.25443316
2090ec455257,-1.4081604,-1.3690771
0a1357a5d9dc,0.26067486,-0.29529703
da3dfffc894b,0.46402118,0.67853445
6ff3d5ede1f4,-0.17199236,-0.10024733
0b2ef5fa908c,0.33258542,-0.1198722
cd2eb4cc7452,-0.045483816,0.18848208
b33534f36695,-0.840568,-0.6214048
9e48271f3691,-1.3253325,-1.4443988
577ea72fa1d4,0.4362254,-0.36541194
b3120d436bb7,-0.06249443,-0.17823917
3ae9717560bb,0.57303196,0.15518078
a23f284b9235,-0.39375007,-0.1682736
fb5e567d051b,1.4603273,0.8087263
02ae9c152b3b,0.2310355,0.2889918
d34c33d66955,-1.3065716,-1.1836848
95f0aac212b8,-1.1710225,-0.95482314
b982a3c8ccdc,-1.048884,-1.408625
18bcec1c162b,-0.76485133,-1.2012672
5232c467f81a,-0.29689303,-0.3347574
0c93169d0d25,-1.2454042,-0.87503093
f8f00676027e,-0.9447109,-0.84518766
32009acded84,0.2965044,0.8800623
dfeb6fe28098,-1.4587247,-1.4071455
dd08fc8cc088,-0.26658502,0.36491036
dc9c189bc097,0.45654765,-0.20391887
4c97c9da1380,-0.39496285,0.30706596
b1b92f269a5e,1.0969183,1.7846025
593177340aed,1.2606356,1.0000257
174b5fb4f16c,-0.15376648,-0.49107534
7f3cb5e4b720,2.016756,0.7817136
60dd3ebe2fe5,-1.4864677,-1.3993303
1e74f1e54dbc,-1.0569094,-0.8184036
9f383a7c9bf6,0.15040573,-0.044193693
ef0ebe6bef68,-0.8107246,-1.3262475
cb2d52aaf4c5,0.646261,-0.45422348
84cd202135f9,1.1253711,-0.67646873
a341aed41e5a,0.44585094,0.0045480467
977d411a1991,0.011635654,-0.32627347
4fb08109b892,-0.58442044,-0.017175727
a9b02545f465,-1.3643204,-1.0758653
1c2c56b75480,-1.3166329,-1.0561557
c22c2237506e,-0.9074971,-1.5080916
0776631cd2ba,-0.31615555,-1.1470082
688cebc1783a,0.18603483,0.05353877
85e2887494ec,-0.93124855,-0.9946621
f64801cba2bf,-0.53845376,-0.8196794
d4186d6f5d86,1.7126609,0.6966697
c1682697a559,-0.44152927,0.41927674
6b718908ddc8,-0.9029158,-1.065018
201f5367735e,1.7386271,0.8621625
2120a1f3983c,1.0163493,0.15956604
128584abd962,0.61423177,-0.32511795
b28c87c7787b,-0.19098935,-0.21454477
3f5358c068a3,-0.5350089,0.055114903
44378ba9cfe1,-1.1723286,-1.085114
9c9684d7209b,0.20393573,-0.27644318
2210ed8591ce,1.0820007,1.8781825
717774f46a2e,-0.47079694,-1.5468011
8c64e0644425,-0.87452996,-1.1208873
4040ae6e1a93,-0.57469064,0.19844747
106d293233a5,0.49730578,0.89850324
530098944761,-0.21983603,-0.40872478
3034710a2848,-0.45726195,0.4082551
0ae9b84bf873,0.43131855,-0.14520828
45daf6f7ab41,1.0239098,0.7803252
543f7504d215,-1.0790982,-1.4212079
0ef52d9eaf42,-0.018092595,0.5469551
444d57f1c897,0.3432309,0.31723762
927512df57e7,-1.1270617,-1.4220278
6a44e801668a,-1.3700552,-1.3468276
374f6739cbc8,0.13585913,0.48255682
a5e681d7e583,2.1020381,1.0549186
51b6da6d98d9,-0.33918154,-0.5098178
56155e7ce412,-0.69899017,0.120363764
608ddc9138cc,-0.8825993,-0.82673645
3bec7b2aea46,-0.29170346,-0.17941281
ccaa44639933,-0.6279717,-0.09298895
f6a05f0b4e6f,-1.1619859,-1.3204337
6cfe6e65b71f,-1.072842,-1.3187485
4dc58f037a61,-0.6616068,0.0012395419
08753256b467,-0.5063068,-0.09208868
bf579a81464c,-0.27962938,0.3983664
2d3419c35153,-0.9576339,-1.4599581
4c4e75b3e4da,0.576774,0.59951955
0af245902166,-0.6356413,0.28641632
9b227f84586a,1.3203969,0.5326844
bc2448ff8946,-0.7517236,-1.3330911
653956343387,0.8633182,0.20457876
2801a14afb99,2.195571,2.3990471
25ca6447c406,1.471456,1.0855682
fd263c52d800,1.4742926,1.1324326
9f0224b22ac1,-0.9974107,-1.0205754
0a33995cb25f,1.9823699,0.5848878
ceceaa2e4af1,0.6995889,-0.9089521
1fa14e386a01,-0.0485286,0.12036788
c533539f85e6,1.6252637,2.0183852
3a5e59c5eec3,1.8197185,1.7817733
9b37141980ca,-1.375027,-1.3154383
8fe82a653ed3,0.32428977,0.4309441
a1df62582887,0.80532724,0.93206763
a351b803c4b7,0.95119613,0.47146007
0fc5f34fe9b7,-1.3253258,-1.3848225
c518cdc8784f,0.009296123,-0.3496907
ce342e047b88,1.4945439,0.6939709
5eee6f88044e,0.1387395,0.16180274
692f68df00b6,-0.2045704,0.30927107
21d1368f0c0c,-0.15774877,0.29757798
c456d5fbe71b,0.2853901,-0.77330905
c85b76687630,-0.5353722,0.07729686
2247fbe15282,-0.08522719,-0.57726395
d8a1bebb151f,-0.941318,-1.266505
9bea4aff2f2f,0.33344045,0.5443127
6b8025049b88,-1.3694738,-1.1327819
88bb90ee084e,2.6133208,2.8041651
642c0bf68c0e,0.51619744,0.3284608
abae7152f229,-0.27156022,0.3251546
9ed4ea8b833a,0.105992585,0.13361874
b92fd984c715,-0.7584418,-0.5823573
a46298d07971,1.3810828,1.1538774
917501a1f3fb,2.5115652,1.4132274
ab6fed13c562,-0.76314384,-0.60239214
41943b75c67a,1.2905508,0.097158246
84d9dda6aae2,0.3912978,0.5495011
0e1e79a65c97,0.11658496,0.03345702
832773e2a740,-0.69371736,-1.4148335
bdaea7240673,0.73345935,1.6078409
9ca8b8d74207,1.1333874,0.60418665
2489a91aaaae,0.9111082,0.4995154
e5939e79243e,-1.2886347,-1.1684945
6399dcd84856,-0.2128514,0.46768436
0f8a5b305c03,0.5534603,0.67301774
568f817a5d64,0.4059607,0.4739242
fd272e43c4e0,-0.5022686,-0.020898165
1970c400e288,-0.2761498,0.2663743
eee84eb2af80,1.2389882,1.4983696
b0bc93ae93e2,-0.9994591,-1.3305317
f1f79725d7f1,-0.16285619,0.4543884
fe87281e35f8,-0.0855614,0.069069885
24e520eb5a59,-1.316597,-1.1211745
2e3df59b996d,0.6197956,0.6814896
2ec40a62bfc7,0.5500949,0.3307486
761d508da714,0.13717148,0.026915394
4e7f20f6fd91,-1.2853827,-1.1999577
c07041ea0810,0.84744066,0.06667201
6343b9568f0e,-0.32903826,-0.1251994
72d9c5317ba2,0.30529532,0.6016161
d0c7decb2808,-0.506492,-1.217922
6f0c934b6ccb,0.277155,0.15837243
d471055c489f,1.0699465,0.87483144
68c54dd9a744,0.46112326,0.058064796
8713543fe1eb,0.7090069,1.134813
a2f227aaba7c,1.5650045,0.72017944
37b6ed9e26ce,-0.4394598,-0.44980407
77cebb8c3e7d,-0.6786831,-0.550684
4193ca985304,-0.17907178,0.13050932
ab767b328727,0.09229064,-1.1958501
570c842a42fc,-0.36066112,-0.61048317
5c03fce5c052,0.49845406,0.20714569
cb7291b9b604,-1.2965326,-0.7548332
d031e9ae9696,0.9898197,0.8271091
aabb0c3aad7e,-0.7868531,0.00567881
84ef95faa93f,-0.7289701,-0.7727307
b53eeff90d6f,-0.20732841,0.04545877
b8f709027637,-0.5318678,-1.123373
bde83ce2ea01,0.8189047,-0.26325345
7892b548a602,-0.86457705,-1.5043862
9f5753ba856b,-0.7991886,-0.35693467
c5f0241be2f3,-0.12339397,0.74556
174487b11710,-1.1118644,-1.3262135
489c8db390c9,-1.0180217,-0.6468649
4cfbf5644113,-1.2317472,-1.4056375
a8a74e69e288,1.0530179,0.42320812
838dfb8e0f05,-0.45278758,0.25888863
5269870fb076,-0.888423,-1.0471845
ee6c3729c521,1.6028233,0.66745394
1ce35b5176a9,0.7259845,-0.66525304
37e2ba9e4799,-1.0495757,-1.3164974
4a88a17cbfae,0.13650984,0.19307491
44031b50edb3,-0.19619593,-0.26492622
d0bb89dfbbc9,0.48998275,0.7009869
04f0674a27c0,-0.695926,0.13181028
8a73dd24f22b,-1.4636334,-1.3003368
27a063ff5be2,0.47794488,0.039647527
63761ec6df71,2.241697,1.8402727
7c6804025aa7,-1.0267644,-0.7141899
568cd77461e3,1.8016268,2.3787274
97e3fd0586bc,2.055549,1.7943217
b91ac46bccc1,0.046587322,0.45622134
06bc6445b630,2.5757148,2.6936
b7e2996a4a4e,-1.3099245,-0.88475996
b76d4d6f088f,-0.7552834,-0.9506557
ea2f2042b6ca,-0.8673257,-0.9254132
8f87ba75826d,0.6485637,-0.07498389
266dedebcc5a,0.6743886,0.1471006
23a4df5ddc36,0.27891567,-0.14692065
b4240bce0d1b,0.11554934,0.036016673
74075e29378c,-0.7581368,-1.292364
bb95d05c480c,0.17878453,0.111604504
7bc12ca67e03,-0.15153638,-0.51455843
4aac0bb1600f,2.1919148,0.9679695
dbd5f952835d,-0.20565775,0.55531687
481cf450e83b,0.8510125,0.25654566
27a0dc22ab82,-0.8406536,-1.1760936
def033a79821,-0.6258397,-0.47429457
b4cd273959bb,0.021276634,-0.6568851
685d619732d3,0.18200788,0.25973716
f0f7c2b5e9aa,-1.3358341,-1.2590601
c940fcec5d4d,0.67978793,0.45795217
caebf6527ee9,-0.43979836,-0.22995669
7cb356cf05e0,-1.4352636,-1.2857126
63f7325cacd2,0.36920586,0.67817295
c7e915a3eae3,-0.19497298,-0.39166516
396c6295e2d8,0.080725744,-0.56517476
0b059b9a59a8,-0.38780493,0.10929074
d9535448e2ff,0.03289863,-0.08309707
dc2c561837ae,0.039389644,0.22072229
8bfa001cbb64,1.2356588,0.42361712
5f00383fc94a,-0.40664998,-0.34155047
430946534d05,0.2347906,0.20310196
e0e383d897f2,-1.0052326,-1.5155873
011c4e8b05fa,-0.3842143,-0.46989742
b07ec2860a89,-0.4173829,-0.77592546
1f13ab87996a,-1.2291727,-1.1365536
f97c10249bb4,-0.3168764,-0.40528277
ff300e2210ff,-0.21477169,-0.1193442
7016d989f426,0.22830552,-0.22918445
1a6cecefb3e5,1.424197,1.2616202
bc40cde736c0,-0.46478394,-0.7144504
357fe1c4bbd9,1.7256769,1.6772591
b067933fced9,1.0552964,0.7311167
bd686f1a1833,1.9092491,1.0594921
96c704e422d2,-0.60191345,-1.1166844
6d7a37b93b3a,-0.28602216,-0.8928453
cf118a574c5f,-0.40336227,-0.13865402
309a79e8d8c1,-0.46553156,-0.55804735
fcee8f4c8131,-0.28319126,-0.84312344
e362c0039894,-0.07307613,0.34510744
3dfba4d9eef3,-0.9405623,-1.4502668
8662a611c6de,-0.5819183,-0.22891966
78a82fbfb13f,-0.7899227,-0.4619472
4ea1e14f9a2a,1.4373343,0.84266603
4efc240333ab,0.0048460513,-0.4359256
d2ff1e22da33,-1.3248618,-1.2201568
1fd07ceb2682,0.38434878,-0.43161827
ee1ecd1c01bc,-0.8353158,-0.3259912
431d00af9d65,0.033386093,-0.8111206
415a3f4177a4,1.9516135,0.3490678
0beaeba78275,-0.10400613,-0.65966797
13cbbdd0248e,0.7422126,0.3487422
da7135289869,-0.10350333,-0.13366479
61e2d48e18c0,-0.04360525,-0.60292095
f39e6f19d803,-0.05076412,0.007171303
23c5312e9811,0.44879982,0.43565494
0c84c7807eb8,0.24115139,0.78308487
905487d96954,0.42059326,0.38032022
c98bbbc2bed9,2.3459327,1.1936903
68d2178a7e41,-0.08668174,0.32631335
11ee7720931d,-0.23148195,0.3256716
52934b7ff3d5,-0.28530315,-0.52520394
34f3d100fc4f,-1.094874,-1.4537992
4d9a54cea672,0.075846165,-0.3548345
47cca5817a22,-1.2950088,-1.2208644
e36f4be37486,-0.0015719458,-0.014177522
cc41fecee9f7,-0.036823746,0.72890913
01845ca325d8,0.042900685,0.097766064
4a4eeead0ba3,-0.14817291,0.49409807
ae56a4dc7619,0.21810773,0.2842036
46b44c96cd2c,2.1283739,2.0664985
f1343aef1a69,-1.2195176,-1.1841238
b6fcceb54442,-1.4814894,-1.4050947
9d48e5f1ad19,0.299544,-0.16391093
6efdc3ad1246,-1.2024001,-1.3722565
41f7c13ce384,1.5283232,2.390456
160abc31dcab,-1.0079032,-1.4740639
e7a7c02848c2,1.3744684,0.61120343
53dbade0c314,1.4293407,0.49969923
a01791d3c994,-0.5660272,-0.45929167
0c966acf1c70,-0.9625655,-0.89908206
02e29e600861,-0.14032677,0.08182698
03fe04347d77,0.45864776,0.3224591
f80f99da7d8b,2.4340951,1.0178511
ba5f4e4383f4,-1.3317025,-1.2789017
9c1d9c2f669d,-0.04441892,0.17562711
57f443ac0741,2.2213693,2.8471737
48474945debd,0.019989535,0.035174098
9f8cf75a8b4b,0.0787548,0.5371876
519e854042f1,-0.74724925,0.2117058
bd00549f39c3,-1.2442886,-1.4920058
bbc662f1613f,2.040205,2.277215
91368bc293b4,2.7788892,2.6786642
ef4fe3188b4e,-1.5195844,-1.3979968
352273b4dca3,-0.5655274,0.30042565
0070c9e7af47,2.5106642,2.238759
b4208542813d,-0.35955435,0.3528679
2388bbe18341,-0.2524885,0.426263
c0f58bbbc143,-0.47636148,0.20287687
6ca01d6d0d2f,-1.3396844,-1.2723993
8cec702d37e0,0.05958749,-0.09138102
c6a7063a2037,1.3340085,1.265208
041ac5513a57,-0.11136909,-0.46457404
627504152cef,0.091621146,0.3866273
69a1ef225894,0.64770544,0.7234892
1c41a125046f,1.2780175,-0.22484565
ce406311e466,0.28070584,-0.51141673
519c563db166,1.226095,0.5930581
7d1b44945ee8,1.6163455,0.10647517
76b1f6615792,-0.13172556,-0.15230435
bb2151d5c8e3,0.17313811,0.40785834
b86268fe8d51,-1.2666906,-1.203824
04012694db90,-0.79046196,-1.1495543
f71cbbba26a4,-0.7389722,-0.65168357
b05ac634d2d9,0.7719773,0.39115548
883f48b32241,2.4050138,2.7880292
ed123039bfb9,-0.59612656,-0.7225903
d15785b538d8,0.71456015,-0.06921932
271a742d4255,-0.9226517,-1.612123
8073e47ce8b4,0.2542385,0.46910134
a242fae4e232,0.2257627,-0.33322504
5cb0bd56b91d,-0.7760074,-0.5474119
bf58616931e7,-0.18164176,0.5593668
f3a03ae305c8,-1.4671559,-1.2074668
efb547b9954a,0.5136422,0.40405357
61bd825f4602,-1.0660518,-1.4945687
7af8d8961369,-0.8580175,-0.8583275
63bb6f3ad628,-0.7697456,-0.7765186
7a1481620b1b,1.7118508,1.2668384
883b67df9ed2,-0.99928683,-0.29421556
29135db68a74,-0.1765016,0.27640548
524bc771c52f,-0.12718856,-0.48361462
0bf23404b55c,-0.9363061,-0.6259567
f9fb973f7ec7,-1.1926659,-0.51116943
d2e24df763d7,-0.3936552,-0.25501704
3f5c258a7c21,1.3310717,2.1139076
377f6fb97f6a,0.7965554,0.79873043
39858632ee6f,0.5667749,0.81760186
b7bbce545c78,-0.40781707,-0.28971577
30b225e045d4,-1.1340772,-1.2052616
c675c47b9232,-1.3811237,-1.394327
b0d2e9d74490,0.044612322,0.5143233
c3ee705199b5,-0.2038551,0.33848655
49ad6e1a09ed,1.8830502,2.1310365
75e98f7426ac,-0.7224886,-1.326293
1204d2a0fc35,-0.41086042,-0.76334965
5de4ee483029,0.04553557,0.76303786
7d9b1afa147f,-1.3318834,-0.83362126
8ce852abc75e,0.1886784,0.8704598
e32a76187192,0.7658597,1.6662551
b344aa512888,-1.3503994,-1.4634541
7fd6dffd3a3a,-1.317206,-1.0412565
793d9f7c3182,-1.3998733,-1.3633873
79576da3d05a,-1.0661585,-1.4490055
da493ce2a7c1,0.6929931,0.15150222
46532a247d14,1.2194152,0.58934987
8e7e4e948d7f,-0.70538276,-0.14398488
167a2ec7b78b,-1.2093724,-1.1559687
913aa3f0747b,-0.7696774,-0.17475715
4b72e54c835b,-0.39776105,0.3383619
cf6ccc5073e4,-0.08147441,0.08255058
69ef0632b904,-0.7407201,-1.0683557
d4ce4e02eaa9,-0.3744046,0.116205536
ea003bbd9374,-0.12905218,0.26521862
183451a4569f,-0.66468227,-0.7983474
06203387c466,-0.22913365,-0.030376203
725eea87273d,-0.5984167,-0.7385787
bc099daae176,-0.22442535,0.46418294
38f1ce96a432,-0.8438702,-1.2474577
369b57ccc43a,-0.29455405,-0.45641294
8f51ec74782b,2.061913,2.1336272
93ef932e0c91,0.8753249,-0.08905638
12c2d0e4200b,-1.1122205,-0.8603176
3401dc13412c,0.3601458,-0.24417731
144915478cd3,-1.2593231,-0.9196648
2398a7588588,0.34274563,0.035545938
6aa220fc3164,-1.3085693,-0.9337927
11c32eef02b9,0.76708984,0.35763672
fbebb6fa376a,1.8448395,2.4493868
6e90009ea999,0.13479257,0.4097547
5bc8468a4151,0.12354067,0.07586989
1931c81c87e3,1.7290317,0.7119574
a3e771902dbe,1.3181125,0.7230125
b3f4ac0286f6,-0.04508224,-0.42308965
d2e0d4026087,1.5046923,-0.48597136
318a60bce266,-0.012645893,0.34962836
d6e5ca7be11e,1.2207463,1.1018516
f174958794a0,-0.24723516,-0.5999818
53ed7241b405,0.3461882,-0.21987298
a08b980a71ac,-0.17226894,-0.60855687
4f560ee2c702,0.45835748,-0.23221979
f9ae7f23131d,-0.40414295,-0.39591768
c40bffcb1e36,0.53375274,0.047587417
248054546a1a,-1.3019502,-1.3422543
5ac1b119265a,-0.97155344,-0.6798246
a46de369a600,-0.86392826,-0.66750675
5cc88cf057bf,1.115473,0.5307771
289d237fac90,0.2274783,-0.31877753
2b6ddcda0173,0.66591215,0.08094781
420acf35f938,-0.60207367,-0.56710714
1f0faffc8532,-0.30654806,0.23803586
6c29374d99c6,-0.16605076,0.06965578
fc5662196508,0.37325588,0.53952
181a037bab33,0.41742423,-0.1023946
7cec5dd0b4d4,-0.3164617,0.42023438
03df5a653e89,-0.089011334,-0.3312757
36dbe546409b,-0.76749754,-0.40686682
4e4299ffe2e5,-1.1152799,-0.8696042
16041d8ba9bc,0.45543945,0.60136074
aed027a70326,0.57260203,-0.50817585
fbfa363db173,-0.6502401,-0.61740106
408d652cbb70,-0.15316598,-0.75914663
7edbc4ddff0b,1.9472171,0.8956141
987c8e7c166a,0.18180385,-0.301481
d8818def6998,1.9710581,0.34103867
3c339531ea67,-0.14005539,0.075387
ce462f1692a0,1.2960154,0.4986357
97cc0878f13f,-1.3035095,-0.94687515
89a1373b8876,-0.55714107,-1.6552513
c7e1f3b714dd,-0.16703531,0.4294689
fbdaa788e1e6,-0.33642414,-0.4859705
6f72ee7e5b02,-0.2149982,-0.48507485
7052c9b8e028,1.4183459,0.60208213
be905210d577,0.92813337,0.749035
30eec87df5e8,0.9711358,1.6828067
49df23370433,2.011851,2.504441
e60ae8020060,1.9100845,1.0070022
4118f2ae6b2b,0.4102303,0.24517715
1e2fe5438f17,0.6337557,1.1619468
5a0518e9d52d,0.7346515,0.31644914
80720aa0a640,-0.808405,-1.0639952
bd931547d01b,1.0306109,0.6644359
e05850dbc766,-0.42384806,-1.4536619
84da1b4e126c,1.4815117,0.25783545
659a3408b2ea,1.1754972,2.0192857
d77df63ee95f,0.64857584,1.5244541
06118485969a,1.4397713,2.2189727
f984771d6a5e,0.16261706,-0.2822457
c567b9ce4c20,1.7984278,1.800701
fbd549bd7d82,-0.76576495,0.2021699
e990e1525f45,0.04911687,0.441082
1b7948239bcb,-0.8057661,-0.0974302
036e2c61f871,1.1988163,1.2421492
8ef1c3d0854d,1.0258719,1.107238
63ca537918de,-1.1436734,-1.11425
220e515a908c,-0.8315576,-0.59973896
07062f07fc74,1.5929086,1.829297
5505d5e81ce6,1.157191,1.6250757
094ef0a4c4ce,1.8750917,0.3826175
d7909842e721,0.5297404,0.008564662
c9cb465b1821,-0.496787,-0.62042284
840c936a2949,-0.13996398,0.36932993
7c143d7d1507,-0.09290977,0.4155594
c1fbcbaa92b2,1.8731205,1.9300047
db05a419235f,0.036642086,-0.28916714
4ca000abf3ef,0.2901017,-0.05129443
e638b6e9e15d,-0.00812244,-0.32163355
4b262622db5d,-1.3558009,-1.3432745
45dee9254a3c,0.56063586,0.8711986
d29614ecbc0f,-0.44192874,0.2662469
be953c4221bc,2.1350765,0.12616974
18ebefa80bfb,-0.34417322,0.40498674
1f48e82efd1c,0.44744745,0.055038057
9a89c8858176,0.7954446,0.5832411
ceb7eb8e94b9,-0.13820764,-0.12925407
7c1d85a17d7e,-1.3560201,-0.9447118
77ab2b8001c1,-0.8117748,-0.9110897
dc47b1451041,-1.171891,-0.993571
1dac48a77a79,-1.3408115,-1.0063248
f0fe932318f8,-0.4519818,-0.52940017
b103ca19dbd8,0.4240615,0.010204114
5791d20032bc,-0.82796526,-1.1052363
f5298408d8b3,0.808201,0.24752852
31838578bde0,-1.2447892,-1.4826529
822678199abf,0.94998085,0.2716248
d9a61a9c617e,0.81364715,0.4965477
af2cb3e27e0b,-0.29642355,-0.31596777
46ac1cecdbde,1.6672406,0.5559486
604e3fb527a5,-0.8845956,-0.2266792
27047659bd3c,-0.25578207,-0.080552004
a51b706917ef,2.6284285,2.3047736
66db2c282419,2.296524,1.4357651
596ebcc71d8a,-0.2605698,-0.1768766
0993368144b0,0.079196796,0.85603833
c9912cacb70b,-0.12801835,-0.2560273
e108165d256e,-0.14822546,0.34955835
5b5791278dfa,-0.558151,0.3512639
cb0802966035,0.09424038,-0.41252723
123842ec7d81,-1.2335228,-1.4297767
84dc3b365a5b,-1.1486069,-0.5116566
a65d479c91f7,1.063449,0.1772379
5228df360878,1.5408084,1.3352708
11f5c9c78d53,-1.175133,-1.3369931
5e19bc03834b,0.20389178,0.5547911
a246d3d26ac8,0.26816124,0.29281408
2c3086b8a0e8,-1.2966853,-1.1629219
389acd13610b,-1.4038959,-1.2508553
8e312cc9b8f3,-0.2730426,0.11555361
a1cc9101514d,2.1371808,1.2923808
fc591a1093b6,-0.9039725,-1.255905
fb1d4fdb9f4c,-1.086001,-1.2684016
61d9f0a811e9,-0.67260104,-1.0461409
465735e2610e,-0.11800721,-1.3774066
af061a610c9e,-1.227964,-1.3856136
299ffb7cc130,0.31153816,1.1548223
2ecf6eaf97a8,-0.5974902,-0.031223787
ed39157f72ca,-0.3501467,-1.2944748
1be63b2aca25,0.07402046,0.024864953
29c325e2a597,-1.434586,-1.4251274
e5a8b8cde280,-0.2793171,0.34707686
0e05749fe755,-0.09183943,0.48183066
ac0a5ac6e317,-0.80898255,-1.3322529
e9186f038fc1,-0.5929783,-1.1511831
1cbd5e201494,-1.0742083,-1.5143827
7b1c19aeacd1,1.5752096,1.3637688
e105ffb4d728,2.4983082,1.8476722
b1a07b050499,0.8800137,0.8440248
014716dbff74,1.2024997,0.77961713
e92d2d782ea8,-0.31198227,-0.3998448
36ef8f23af7e,2.1544468,2.0736027
1594ab19b1e9,0.35336247,0.15958461
41d92bef9c78,-0.898498,-1.1573666
7548aa3c25d4,-0.0942875,0.47862208
9cc37cc9eaea,-0.2755961,-1.4769225
22fa297f189c,-1.2310072,-1.4022831
9cbf24cc195f,-0.48469657,-0.5184919
6501e40643c3,-0.09091936,-1.1404139
c4756c7e6ca3,-1.1606613,-0.47813502
6f6120f71cda,-0.38100913,-0.16420117
4178a1b56828,0.7470677,-0.07486377
b16bb58cd035,1.8226691,1.9302607
3d45ec7a3d89,-0.23235449,-0.27014863
56502bed6eda,-0.6291982,-0.6808286
ce421480140d,-0.28278926,-0.41190168
51fbb10d030a,0.08170611,0.4182546
633504ca2ad1,-1.3062935,-1.3815432
9fe9daa0df1b,2.8120775,1.9214586
11caf1a3607c,-0.25561285,-0.38028315
8f34c45d1aa7,-0.7292969,-0.33142737
8c62a01dcd17,1.6748229,0.45085716
d560c3ce1703,2.5474198,1.329184
40f2062813c5,-0.150371,-0.13076927
1b17a0f54198,-1.3519335,-1.0981675
514f7b3c98b9,-0.5077202,-0.04382634
56e4d17ba2cf,0.038200635,0.11835044
0703209ef239,-0.5554374,-0.1069741
6e685565bfbd,-0.98873484,-1.3142722
f832f992df2b,0.54436386,0.6773468
bb89de3c5ea4,-1.2686383,-1.4565451
37ceeea4fea9,0.027816031,0.18186295
514deb5126f8,0.6266951,-0.17640921
38f87fea1ec5,0.43360415,0.07002471
04e1f16bf7ad,2.8650224,2.1642528
25e2eb433bd3,-1.4252695,-1.3009719
a579a06600ca,0.4640949,0.337994
2baa7b36566c,1.6075486,0.47345585
c2e26b9c2948,0.5993173,0.33526063
91f2a483b550,-0.36281437,-0.47302097
f104f042f0d5,0.11934705,-0.441398
be6dddc74b14,2.7253122,2.2355278
5a3869216ea1,-0.49476612,0.07453329
1f34838d02f5,-0.19089334,0.31719628
09a1db12bd97,-0.061339486,0.44393033
481e2a3d24a9,0.11854677,0.2901073
0ba85af186da,-0.18579264,0.23026812
0f2d1bba192c,-0.37976354,-0.65180826
34c7a42a12ca,1.757379,1.6795334
5264fdf92eaa,-0.4525853,0.01875846
bbdc1e664289,2.7124352,2.7975028
12eb4130aa68,1.4671823,0.8180814
3ae2060c1d5f,-1.4812808,-1.2587898
2bb39bccdca2,-1.3454828,-1.3428671
5849ca23a44f,0.246212,0.27395964
258d11d210bd,0.4083724,-0.4919701
73be2d239021,2.2765293,2.654119
4886c94a1e59,-0.31181332,-0.8636693
4d8ef9fbd6bf,-0.19714671,-0.2914144
994371be90a1,-0.6969082,-1.1910185
59a4eb58579f,-0.006858211,-1.0468069
c9be88d55052,1.8779578,1.611772
d07c1157bdd8,0.3407448,0.6824133
31fb1e268976,-0.81404644,-1.257246
3eaa88b8c277,-0.95973057,-0.15658394
3acfcf55e617,-0.17102766,0.060653217
6a99498d0c4f,-0.63958204,-1.3674192
d30c7bf23f78,-1.3598269,-1.2116976
96ee0239d6f4,-0.28064954,0.2605246
e176b9ad1196,0.07757594,-0.055488423
4210502bee04,-0.78958416,-0.61926866
e40bd16844d0,-0.1634081,0.5249544
8965629258a3,0.14285181,0.5402673
ccc795557d79,-1.2272152,-1.4785783
890de2a07c3c,-1.4240807,-1.3737487
c07944ca5b81,-1.3461223,-1.4695183
026adb5ec602,-1.0034829,-0.7336528
d856ee2b4fd0,0.40355465,0.81705034
c890ef25f8fe,-1.3542486,-0.97973746
3b02e9206c7f,-0.39099064,0.38248968
963d48f13312,-0.5521006,-1.1111678
c0b375cf190c,0.7479365,-0.0068369247
88ccacb52f2f,-0.6464772,-0.13966551
9daa2ba8e279,1.0578929,0.71258724
0cadef76686d,-0.1811208,0.0027345456
99491ed4c920,0.12344925,0.63147956
699c54c42816,-1.175295,-1.346635
f558d18496ef,1.7703412,1.0339649
68db69a31c0d,-1.2147546,-0.9022848
fffbccfd8a08,0.8311738,0.19234368
e18f9d574064,2.5165498,1.7832978
dc15a5db8c1f,-0.030614054,-0.5434623
4e3e9c8d7b2d,1.2022247,0.77653986
9ba76c3a533c,-0.02983724,0.4604513
257c25637572,-0.31279412,-0.29172233
dc620856c20d,-1.3971379,-1.3876426
666b88c880a7,-0.7323673,-0.943861
6e800182cfce,-0.6870597,-0.8341096
39ce87814e15,1.7118073,1.3003336
0d28807ee1b8,0.30155817,0.28459015
dd82a39366a5,0.06615922,0.82322794
bcbe821a24f9,-0.20682532,0.3898301
37b0391aaaf2,-0.82356733,-0.7324273
6aea157cfd0f,0.5652189,-0.03449726
7a6f1e926e9f,-0.5802447,-1.175775
cc0b40c35326,0.02296047,0.47769982
9b70f7bebcbe,-0.8545162,-0.75673985
62188d6a9901,0.36367112,0.4477944
44a9d2799299,-0.661732,-1.5140911
546c71aa6ca6,-0.41736457,0.38741994
9960f054be4b,0.44104314,1.1323991
13da4cadc88d,0.5252256,0.53819543
44f47dfa779d,-1.0244292,-0.74836576
67728e0b0321,-0.5193559,-1.1887048
734e881c951c,1.8375764,1.3774251
134ce8fadbb6,1.3771651,0.8469922
495833117023,1.878442,1.9223181
0ffdd4e3c834,-1.1458907,-0.98873955
ce4a91ef3a22,-0.75811756,-1.0307056
60cf9a8bbc3a,-0.15403369,-0.37726268
a8822aaa8343,2.3100603,1.2369504
bb36e8316690,-0.16620351,0.30515057
3e52b32df91b,0.2907306,0.6448614
aaff6fb77bf3,1.969029,2.32547
ee79917c0633,-1.1020677,-1.4013896
7c0fa5c6152f,0.95869416,0.034461644
c243d7343f34,-0.157213,-0.065435104
410dbd8b898f,-0.825481,-1.5712093
0a04ab334ad1,0.5229095,0.34191132
a85d51847202,-0.0608169,-1.2944462
b6cb78beb1b9,1.1925044,0.9437112
20a3c892fa85,-0.15462403,0.032650486
60839fab23ed,-0.74138063,-0.12558588
56943a3ebff6,0.09117453,-0.47608086
12e87dcee601,0.1756726,0.2700972
411ed28feac9,-0.94452775,-1.274469
15ca50980683,1.2663412,1.2966508
267513940255,0.44164893,0.6731887
14b6ae54acc2,-0.06078094,0.004503833
3f16297ca0d5,-0.5327161,-0.8947174
a48a56c03209,-0.92033094,-0.844988
bce3dd3877d2,1.7099402,1.0152303
c71541142b90,0.55577385,0.09315065
f473c4d5a2bc,2.3362322,0.8838703
309906ca0e03,0.020555943,0.14973456
a454419f3add,-0.5640443,-1.1040391
7a3dffdf2b57,0.07974139,0.41603953
80da26ee3cca,-0.06334263,0.25136182
9044adebabe3,-1.4950554,-1.4842646
2b63b49f0cf3,-1.0943164,-0.5131463
ded6a14b4c27,-0.27164292,0.40108508
c6f94dc49d29,-1.4102483,-1.3911933
2147455fe8d7,0.43450436,-0.57241637
765ba4b6d3af,0.05685026,-0.009314654
6727d6d39f2f,0.026739154,0.1870614
241ddf62b755,-1.18814,-0.99896884
9d2510e38be0,0.9361563,0.6586538
9f5753115d1f,-0.93817,-0.17490289
88674ab2e89b,0.9678027,0.39222825
53f728e2ca68,-0.22264244,-1.1462963
9f42b0285a2b,0.31081474,0.32733038
d796dd8a9149,-0.4834936,-0.86197406
38198ee905bc,0.044435356,0.17144004
7ebb94d95dd1,1.0231699,1.3486059
af9c532e8980,0.25367087,0.05175256
15f8937ecb6a,-0.0049423277,0.30192778
40f5f234bfb3,-0.3462915,-0.01849768
c4c4ba686326,1.6280315,0.11950954
551c0f2ac3de,-1.1441605,-1.3720826
03c155b573af,0.3000546,-0.58116037
c4433d2e4905,-1.0938531,-1.2588967
fa2cbbd17eba,1.4494201,-0.63112634
b712c21b21a4,-0.20145571,-0.20174986
c3ae0028ba85,-1.2353839,-1.1463614
5008bb3178a0,-1.2607807,-1.3811618
5d3256b7541d,-1.250226,-1.1474444
43ec749f7dc9,-0.24785621,-0.88061404
9e43dbf6c005,0.1625217,0.40784803
cc99da6aea22,0.46762326,0.8044303
b34f51b336e8,0.26022848,-0.21708056
b0a514558e8e,0.22861278,-0.3408537
e703fda834b4,-0.25986627,0.054517798
f3e6a3eb1448,0.545759,0.9417333
1f582451b378,0.031265933,0.12526482
86a6e2a1c36d,-0.17177893,-0.19613793
44f2ba5360cd,0.29790092,-0.43720776
b1dbae909099,-0.38060054,0.11659717
0bdfc885be42,0.1521819,0.03320685
f713ad614fd5,-0.24941263,0.44973725
6122bd1491ab,-0.8369783,-1.2578158
64755bdc5f25,-0.26257136,-0.162121
c8be2e4b8288,1.3395572,1.1181394
f4c7329723c8,-0.38373476,-0.8176143
a81fbee14bfe,-1.2416079,-1.1752145
ae8833be925a,0.23438713,-0.010049978
bfd04b0277c3,-0.6809283,-1.0493953
71443f75540e,-0.31483126,-0.5348309
6b3f78894c03,0.7044999,0.7347127
647850918434,1.3544201,1.8112404
6e9bcb23f5ac,-0.01948946,0.11790391
529fd8cfb6cb,0.6621746,1.2537911
6d807dd70e03,-0.9979737,-0.8616693
d47755f99583,-0.37347156,0.38128266
43298f2a439e,1.2371229,1.115524
f0c0232fe480,0.44381958,-0.4556248
c231cb209a12,0.75479376,0.77944845
45420da61921,0.00040303543,-0.3235729
94ae765d8440,-0.49123576,-0.13533452
56d9a67c9d09,0.7360495,0.71746916
972e39b1f5e4,0.73682326,0.5142969
34b2dfdb6b36,0.50146425,0.23973572
ad5974d89e04,-0.009209063,0.0047160275
b61048d55a7e,1.7000451,1.6337051
c483c44aee42,-0.31314814,-0.3731542
811b1aa7e540,-0.45457998,-0.9546576
c515d9f00278,-0.041519515,0.118528955
60b53233e300,-0.07704103,0.3968425
72f4102b4bfc,0.5460103,0.7001292
c73ce0d80b0a,-0.21473043,0.39583537
57c243f988c6,-1.0410972,-1.0370288
afecb49fd080,0.5050528,0.18455121
94e642afbed1,0.5485466,-0.9649029
0a5b5079b265,1.679902,1.920348
7aca1267ba2c,0.24477726,0.02512823
678d7bacb47a,-1.3720542,-1.234909
a7cd696162a1,-0.9219771,-1.5250691
0b2c3f030c21,1.0224757,0.8025032
d7c284e00653,-0.0024627335,0.3771471
0d4a7f35a88b,0.28106987,0.26428887
db92598d6118,-1.233338,-1.2120295
2e1632336432,-0.40062183,0.13092065
dde550808889,0.8790575,0.44238812
77d9b9f57a45,-1.2658768,-0.74741757
806370e1f030,0.90354806,0.5504155
1ddcc6c16fd2,0.86039084,0.27624345
54ce5af681b0,-0.65489674,-0.076527365
0ea3f8f89bc0,2.1399481,0.9523403
29cca96a10ee,-0.50044876,-0.20306769
597254f7b2d0,-1.4960257,-1.3523446
a578d1705210,-0.14931744,0.4080824
0f83c392285f,1.3999605,1.040499
cf51063bb0e0,-0.6185478,0.0111665465
4b8a58384fae,-0.30045298,-0.56437266
44cf525aabd9,-0.678298,-1.0664325
64630eeeb671,-0.03244101,0.19647238
b958455f5633,1.407382,1.828543
477f1082dd94,1.405759,0.94797105
4693da7f0688,0.20489554,0.29876179
8ba6d0eb95ad,-0.1972292,0.43188703
7e58f7f211eb,1.1867557,0.6701478
51d5313fd743,-1.3154795,-1.170998
3cee40be12d1,0.22744843,-0.25635618
06e0c006b27b,2.3475173,1.7967799
f1efceb9168e,1.1936903,0.6715851
e38690ac7233,-1.0183308,-0.21372586
e38a83d152cd,-1.2115041,-1.4419835
59a11283c5d5,0.30810624,-0.8527438
8a032e23f897,1.0244817,1.1936144
865c45cf6deb,-1.5088611,-1.2904984
8def45403e3c,-1.3789089,-1.3274904
9c5990091f22,2.267324,1.5340271
0da4a658dfd0,-1.3023171,-1.2679797
0d14699bc285,0.42618617,0.09621552
201e8a6454b5,0.22396687,-0.22625512
b5b1df291b3e,-1.3777239,-1.3405119
ad6a8ba3cce8,-0.8599468,-1.268794
eef9a5764bbc,-1.0741533,-1.0688357
ef31ec70f4bc,-0.9253839,-0.61783516
e84d9c7d8b6d,-0.7278599,-0.9611523
7b59bc3ff39d,0.4159617,0.42420816
aa92ee39605d,-0.52231485,0.12551326
e7a73e399bf1,0.19030137,0.17803979
17b6ecc31810,2.2985234,2.3842344
12fee3183dd0,0.72250015,0.87048423
10f7a395f532,-1.2267842,-1.1927469
c8602aec75d2,-0.085858,0.035041854
3d0545b786ba,1.2027547,1.861647
e2f3c2015267,-1.4643637,-1.3982892
4f1852a6f0b5,-0.3577319,-0.40709767
a1a8b25e45b9,1.9458808,0.4553197
1189fb6604a4,2.0172303,1.441029
949d49e50791,-0.40608132,-1.1079695
49dda6a9b84b,1.7999511,1.1104473
eff5ba94b9b1,-0.8184042,-0.015008844
d256bcb5de48,-0.83485705,-0.31652737
d6becc0b6cba,-0.869679,-1.3801066
2eecb5b89f18,2.5689232,2.1590664
de68b8a1697c,-1.2664466,-0.76190996
10cda972bbcd,-0.26326543,-0.2371864
8c7aed41a08b,0.9538511,0.23222086
854f10727250,1.2087011,1.0616963
8383b4451291,-0.036666173,0.6302427
e5caf32f7055,-0.25410917,0.0063121617
17dc198b7950,0.4283928,1.0354568
5400742ed668,1.3306957,0.6674645
275ea68f51f8,-0.31155184,-0.15122661
6de8f01d982c,-0.6959261,-0.3434721
333046f1faf4,0.41158053,-0.48218924
a362f9ee2bca,-1.1495489,-0.90708005
9470a082df92,0.22583121,0.78591704
4e1a182afad3,1.2079875,0.8584539
49da838aeacb,-0.071140766,0.5720846
d49439eaa53d,2.5718791,1.8712891
a0f4b39f16e9,0.40224025,0.6864878
ad6d7175835d,-1.1570151,-0.5342744
8ae0b398bc78,-0.3291752,-0.67296344
324ee4ee1eea,-0.18942332,0.17802525
4735893b5ed8,-0.8056447,-0.45337656
7c54440aefcc,0.35133573,0.18820396
5334ff03cc64,-0.80778515,-0.38376865
d7d5e14dc0b4,-0.59406817,0.27224827
0ce371c86df4,0.9937684,0.22733659
dbbb0c4cc299,-1.2077581,-1.4644523
3de587578a7f,0.14675045,0.7660362
f33ab01f0930,0.9541192,1.3935263
87720e30809c,-0.03846512,-0.6893277
0618e45405fe,-1.116409,-0.83826756
78c04259c35c,0.33336744,0.08725948
5f9e79e5af69,-0.76145035,-1.0313258
12671730d2fc,-0.574313,-0.9854001
0a33b3b8534d,-0.29929212,0.55284995
ce3a0bf36b17,-0.5777034,0.03770808
80d56ee77ec0,1.6794554,1.4888548
2bb460c2648e,-0.9988497,-1.407716
1d182cd390e2,-0.35890865,-0.55604863
02977a998e2d,-1.1092868,-1.3416351
22c33104e5bd,-1.3772922,-1.3074572
480746ef7a4b,-0.3231275,-1.0028682
3159fbfd4792,-0.63144803,-0.60763794
169efcfbddfa,-1.5065112,-1.2375717
72f2534ba236,-0.7470381,0.02344726
ffd1576d2e1b,-1.029457,-0.28964335
678566c59caa,-1.1936561,-0.72492796
a75ae8444d94,1.0686485,-0.1380126
4ba6b85b3e40,-0.061273247,-0.6763022
61a4ec381353,0.14635718,0.16529584
27d3a7b7772d,1.9937356,0.32809412
a66915f5e634,-1.2809021,-1.4224474
e4944a94cd6a,1.758656,1.3795385
dcc134eef9a7,-0.84265614,-1.3298736
6ff38cd8fd6f,1.9080818,0.00029573776
d0da6431e8bb,0.019351415,-0.037568487
7a0f010af37b,-0.55471784,-0.52235234
e049e712ed4d,1.094958,-0.06427251
4da34cef6bc7,0.0060647614,-1.4809445
5ce1fe48bd6f,0.53837776,0.39487976
917c917a1d47,-0.49501953,-0.37754133
830fb65d4c76,0.61765903,0.50158244
0b4344d9e9c7,-0.98810905,-1.3100502
81f3316f76bb,0.12652025,0.75560874
c26c8ef4cf35,-1.5488294,-1.5090983
f37ac35fc322,-0.017185282,-0.37598702
569ecb490842,-0.336608,0.16976014
c8a8247fac74,-0.06922799,-0.3735775
f07dcc3335dc,0.43948987,0.77286553
6c723a325874,-1.4132423,-1.2090575
befdbfad98ed,-1.3907977,-1.3650596
fa383b1fd739,0.11891833,0.24022928
0c33b8d5d43f,0.95324486,0.15768188
9ff351643fc6,-0.27309367,0.46529534
cf3d49b1d251,-0.6019131,-1.4354033
ba76681221d7,2.2910018,2.848523
378910bbd8ef,0.8078801,-0.5597295
49f92ac77e39,-0.94575053,-0.70222414
c0e0c2f2200e,-0.24518956,-0.60922885
87f5a5e118f1,0.39797243,0.9132278
9431a79e09c5,0.20632933,0.44896886
635960714299,2.4770956,2.7927139
b7c41e320ef3,-1.3835123,-1.2739605
1d0198a60d16,-1.2764297,-0.71919817
4247334f5170,1.6853789,0.36321533
6a831ba4b8e8,-0.5425678,0.12739387
d9d7c866c194,0.8599177,1.0687189
16ee4eb4d6dd,2.1450427,1.3616421
61549f5dae1e,-1.1224171,-1.0359077
6fe938fc961a,-0.5731151,-0.24123824
5ec9dd8b7968,-1.0433259,-0.23491588
56602e7e316c,-0.875292,-0.66669565
29164b3c3f95,-1.1819371,-0.8491795
b2e5d70a411d,-0.8601552,-1.2309313
373d07b5c9f5,-0.98601943,-0.8654448
953dc4e5dc1e,-0.53001946,0.03446053
e2b3b9c0baa9,0.7651154,-0.0031926278
1ba342966c3b,0.37147406,-0.6936481
3f7dc3735655,-0.4122134,0.23104775
02d8aa208fec,0.09078848,-0.45719153
c5749c01479c,-0.71958834,-0.11346467
3ea1422d1261,-0.038210843,0.480101
ca2872e415a8,1.4803958,0.6374615
4fe34550f39c,0.99141556,1.3980974
256d5612d9b9,-0.009805469,-1.1551713
0086ef22de8f,-0.77906966,-0.8490319
4c661e6bcc4d,0.302012,0.08185549
3fa759cdaef2,1.1800468,1.1096826
2efff0b10249,-0.41221547,-0.21239722
e3d881d8571d,0.04519153,0.8994291
be0704cae67b,-0.1185385,-0.6027863
e20d4c0a06e3,0.9007713,0.925902
8427d1d15d3d,-0.6815678,-0.9219884
f353c6efa43c,0.9504797,0.09659685
af9203cebee9,0.38110295,0.6093064
a506b185c1f5,-0.89720047,-1.1610417
e7cb5b365d49,-0.17254683,0.60222876
f8b1d1198158,0.56878775,0.1729263
da0d97e80c0c,2.5749736,2.2640762
e4cfe2765df6,0.6664257,0.10551926
63fb33004d72,-0.18399322,0.4250997
6c7cea08fff9,-0.7701473,-0.094483085
443b919b2382,0.28401867,0.50944525
07ed2862c80b,0.045492668,0.73466134
a34f2b766884,-0.62201506,-0.34758276
dfb33bc8ee43,1.9468881,2.2865787
909fc19c4604,-1.1794708,-1.3768915
b9fb4b2e54d5,0.79358304,-0.28781155
719094c359a1,-0.651594,-0.015664767
41a9a20a0f21,0.607649,-0.37082666
a614352fa1ef,-0.9302748,-0.26913604
2592027239a2,0.19436508,0.27845806
afacc35c35a5,-1.502242,-1.248495
17b080b1c898,0.24900576,0.16056365
21fbaa26c767,0.005751338,0.27819484
f4b869171d3f,-0.05768657,0.2758633
f69b0a98d29c,-1.0853873,-0.988621
90a54e87eaa3,-0.9203189,-1.061542
09dea9978c30,0.4270592,-0.12773797
c4fe45ad3ed8,2.4197545,2.621878
3617a21b56c9,-1.0671033,-1.2025075
874fa627e4b0,0.9857202,0.55685025
9c6da6430c74,1.3385472,1.9649519
dd6c0a281239,-0.7689485,-1.3186039
27ad32cbdf5c,-0.78917515,-0.468549
c53577aad86c,1.4840052,1.672354
e43b20f8d4f6,0.27107915,-0.0945426
700512f284bd,-0.48624566,-0.44854298
860d99a904b8,-0.16029374,0.4868161
1c402a766145,-0.07290663,0.65811956
689f5a2b7629,-1.0166824,-0.88096964
0145cf4a4734,-1.4113554,-1.3368332
1365a1f9a590,-0.16326374,0.10613083
051d3805555d,-0.41460586,0.35053426
754e9cd5bb6c,0.49512842,0.6961039
2e7644d553b0,-0.48646554,-0.39962065
8719eef4e4f0,1.0245442,-0.50824034
77c9d5097fc4,-0.42621988,-0.08254546
6018f32b812d,-0.6059841,-1.0287024
1c50ba91ffba,2.6791425,2.2300766
e96b414006f7,0.64830446,0.7519858
1af8a8e89724,0.61973685,0.11253192
27c33391ed16,-0.6499193,-0.017173558
2e0ff0533a35,-0.75110084,-1.210602
0bc8d96490ef,2.0881011,0.72618765
4cb5ed31ba75,2.607199,1.7015774
b16f61e91b7c,0.008232247,-0.45804843
42d761cfd6ee,-0.30552968,0.5153321
ded2f8c8c762,-1.1656401,-0.43274793
c987b867bea2,-1.1274707,-0.92719406
c37ecec27b19,0.15304427,-0.268454
b5714612c200,-1.1767235,-1.4144609
ecafc64f734b,1.7121986,2.253835
802757cfbb2b,-1.2592106,-1.5297439
6763aef77fae,-0.8842463,-0.53232044
b10e5ada060f,0.24063358,-0.95501673
7d1029b9d210,-0.6592331,-1.362982
870a9fdc0e8d,-0.19838867,0.37043908
917e6211717a,1.2713337,0.72580665
e6124a3d83a2,-0.2957126,0.5555784
d83c4dd2dc12,-1.0594299,-0.16511947
a7b200d94205,-1.2242764,-0.7807444
b34c26d88f95,2.501781,2.7119946
ac7f3c3bfbb7,-0.42576864,-0.13215962
ec866e20d1fe,0.3964554,-0.12622872
28a1affeae34,-0.8970011,-0.5156092
ce75100d7c95,1.8044096,1.2975986
db3877cdafe3,-0.61501175,-0.9216014
57a8f0c420aa,1.0952646,0.71916044
cc5ee83c2e9d,1.675725,1.1229266
2acf28539e03,1.1888602,1.0843275
56a215a76f10,1.0162168,0.055484302
04ec40c9c988,-0.408978,-0.37117046
812122b0c2d6,-0.34851047,-0.91555893
9daee6477264,-0.11737925,0.14348131
d96c5ac2f3fc,-0.23773915,0.55283725
b6c277cd6507,0.1567196,-0.74097073
3b89e0b7351a,-1.255305,-1.0528955
7e3421a02a82,-0.8191524,-0.8999174
713304111ab3,0.45258108,0.36911547
898e0e65b06e,2.310857,1.1678473
083d77a9127e,-0.50208634,-0.54173774
4be8a697cceb,-1.2379851,-1.2960427
54010ec4957d,-1.1466182,-1.168567
c619f7a0dcf9,-1.5563053,-1.2905338
b9eebd7bfe6b,1.2802912,1.6146567
8bbc164b5b76,-0.12937137,-0.5564843
3fb8dc33a1cc,0.20156936,0.51132804
ea5af9e83c45,-1.4173524,-1.3881049
c2eb44ad9971,-0.8869124,-1.1612754
7e42b3cb82df,-1.0454624,-0.67209184
396c5cde7175,-0.697873,0.18336949
454324f4e2dd,0.07865381,-0.39620626
d987e87359c2,1.2957848,1.3628603
c0915a51b902,0.33519807,1.0269325
98e8f0b1f8a2,2.3260353,1.9007025
5a80f2f3691e,-1.4190701,-1.2334846
6d9a69241635,0.039935548,0.35932007
6138709fb4c9,0.22170797,0.6767335
76284eaf562f,-0.501458,0.3671605
6e106644aaa7,0.066496104,0.34802353
4ffd37c4c2c2,-0.32553595,-0.5116452
91c3bbd3319b,-1.161316,-1.5553424
cfa61d1ec270,-1.4165014,-1.3431741
befb2748510f,0.14629818,0.62299097
f6ee41ef0860,0.60244703,1.0414189
208a5958504f,-0.92818123,-1.5545417
67947e29b7bc,-0.6241828,-0.18251354
c30a3387a679,1.4358753,0.99729335
fe2da9134f9d,-0.061922286,-0.4345065
63320ddd7c83,-0.8769555,-1.4218117
31bb492de1de,-0.015363213,0.50755215
de1a384c805d,0.116559744,0.4956801
728f83409fb1,-1.0503341,-1.0412177
039a9362fc20,0.08185284,-0.30157396
e67616e8dde9,0.051759873,0.43962145
791de421aff8,1.7923647,-0.07359554
68c4a53d74b7,-0.4299384,-0.22873315
54743f3aae26,0.4679437,0.44005853
77be8f9da3a8,-0.16186906,-1.2176427
6eeca23fe50b,-0.8771399,-0.2447289
f2a92a72c495,1.3560418,0.14632785
05e57abb420b,-0.22711095,0.35942128
cbe758cea11b,-1.419624,-1.3156766
d8730a3dc2f4,0.2917609,-0.13108668
35dceb9066dc,-0.8015325,-0.44699702
d15fb87a06b0,0.23086908,0.06622206
47479168acfd,2.276188,1.1138432
3a0b6235c754,-0.194429,-0.5744204
a57d694d34fc,0.10611366,-0.98055845
6ededbcd2378,-0.40634504,-0.7955528
31f202fc952d,1.1268703,1.1459451
